Workbook

Sheet reviews
A1: app_name | B1: categoryId | C1: reviewId | D1: sentenceId | E1: at | F1: score | G1: feature | H1: review | I1: sentence | J1: emotion-A | K1: emotion-B | L1: emotion-C | M1: emotion-D | N1: comments | O1: row_id | P1: generator | Q1: strategy | R1: generated_at
A2: SYNTHETIC | B2: SYNTHETIC | C2: SYNTHETIC-S001 | D2: SYNTHETIC | E2: SYNTHETIC | F2: SYNTHETIC | G2: SYNTHETIC | H2: I'm trying to understand though — when you archive a note, does it still count toward the storage limit or is it stored separately? | I2: I'm trying to understand though — when you archive a note, does it still count toward the storage limit or is it stored separately? | O2: S001 | P2: claude-opus-4-6 | Q2: few_shot_guidelines_dataset | R2: 2026-08-02T14:09:32.170813+00:00
A3: SYNTHETIC | B3: SYNTHETIC | C3: SYNTHETIC-S002 | D3: SYNTHETIC | E3: SYNTHETIC | F3: SYNTHETIC | G3: SYNTHETIC | H3: Unfortunately, the sync feature between my phone and tablet has completely stopped working. | I3: Unfortunately, the sync feature between my phone and tablet has completely stopped working. | O3: S002 | P3: claude-opus-4-6 | Q3: few_shot_guidelines_dataset | R3: 2026-08-02T13:48:25.870744+00:00
A4: SYNTHETIC | B4: SYNTHETIC | C4: SYNTHETIC-S003 | D4: SYNTHETIC | E4: SYNTHETIC | F4: SYNTHETIC | G4: SYNTHETIC | H4: I hate that this messaging app randomly logs me out and loses all my chat history. | I4: I hate that this messaging app randomly logs me out and loses all my chat history. | O4: S003 | P4: claude-opus-4-6 | Q4: few_shot_guidelines_dataset | R4: 2026-08-02T14:05:05.464201+00:00
A5: SYNTHETIC | B5: SYNTHETIC | C5: SYNTHETIC-S004 | D5: SYNTHETIC | E5: SYNTHETIC | F5: SYNTHETIC | G5: SYNTHETIC | H5: The new update sadly requires constant internet connection, making it completely useless on remote trails where I need it most. | I5: The new update sadly requires constant internet connection, making it completely useless on remote trails where I need it most. | O5: S004 | P5: claude-opus-4-6 | Q5: few_shot_guidelines_dataset | R5: 2026-08-02T13:47:52.063333+00:00
A6: SYNTHETIC | B6: SYNTHETIC | C6: SYNTHETIC-S005 | D6: SYNTHETIC | E6: SYNTHETIC | F6: SYNTHETIC | G6: SYNTHETIC | H6: That was really odd and not what I expected from such a popular platform. | I6: That was really odd and not what I expected from such a popular platform. | O6: S005 | P6: claude-opus-4-6 | Q6: few_shot_guidelines_dataset | R6: 2026-08-02T13:43:24.919649+00:00
A7: SYNTHETIC | B7: SYNTHETIC | C7: SYNTHETIC-S006 | D7: SYNTHETIC | E7: SYNTHETIC | F7: SYNTHETIC | G7: SYNTHETIC | H7: However, I was surprised that after editing a photo the app saved it in a completely different folder that I didn't even know existed on my phone instead of my camera roll. | I7: However, I was surprised that after editing a photo the app saved it in a completely different folder that I didn't even know existed on my phone instead of my camera roll. | O7: S006 | P7: claude-opus-4-6 | Q7: few_shot_guidelines_dataset | R7: 2026-08-02T13:38:05.867716+00:00
A8: SYNTHETIC | B8: SYNTHETIC | C8: SYNTHETIC-S007 | D8: SYNTHETIC | E8: SYNTHETIC | F8: SYNTHETIC | G8: SYNTHETIC | H8: I set up automatic backups of all my photos to this app because I know my memories are safe here. | I8: I set up automatic backups of all my photos to this app because I know my memories are safe here. | O8: S007 | P8: claude-opus-4-6 | Q8: few_shot_guidelines_dataset | R8: 2026-08-02T13:19:56.485347+00:00
A9: SYNTHETIC | B9: SYNTHETIC | C9: SYNTHETIC-S008 | D9: SYNTHETIC | E9: SYNTHETIC | F9: SYNTHETIC | G9: SYNTHETIC | H9: I wonder if they're planning to add a dark mode in future updates? | I9: I wonder if they're planning to add a dark mode in future updates? | O9: S008 | P9: claude-opus-4-6 | Q9: few_shot_guidelines_dataset | R9: 2026-08-02T14:12:20.990857+00:00
A10: SYNTHETIC | B10: SYNTHETIC | C10: SYNTHETIC-S009 | D10: SYNTHETIC | E10: SYNTHETIC | F10: SYNTHETIC | G10: SYNTHETIC | H10: Discovering new artists through its recommendations has been so exciting! | I10: Discovering new artists through its recommendations has been so exciting! | O10: S009 | P10: claude-opus-4-6 | Q10: few_shot_guidelines_dataset | R10: SYNTHETIC
A11: SYNTHETIC | B11: SYNTHETIC | C11: SYNTHETIC-S010 | D11: SYNTHETIC | E11: SYNTHETIC | F11: SYNTHETIC | G11: SYNTHETIC | H11: Absolutely love this app! | I11: Absolutely love this app! | O11: S010 | P11: claude-opus-4-6 | Q11: few_shot_guidelines_dataset | R11: SYNTHETIC
A12: SYNTHETIC | B12: SYNTHETIC | C12: SYNTHETIC-S011 | D12: SYNTHETIC | E12: SYNTHETIC | F12: SYNTHETIC | G12: SYNTHETIC | H12: After trying dozens of meditation apps, this is the one that finally stuck with me. | I12: After trying dozens of meditation apps, this is the one that finally stuck with me. | O12: S011 | P12: claude-opus-4-6 | Q12: few_shot_guidelines_dataset | R12: 2026-08-02T13:22:09.930028+00:00
A13: SYNTHETIC | B13: SYNTHETIC | C13: SYNTHETIC-S012 | D13: SYNTHETIC | E13: SYNTHETIC | F13: SYNTHETIC | G13: SYNTHETIC | H13: I'm scared I've lost months of important documents and notes that I can't recover. | I13: I'm scared I've lost months of important documents and notes that I can't recover. | O13: S012 | P13: claude-opus-4-6 | Q13: few_shot_guidelines_dataset | R13: 2026-08-02T13:30:19.731624+00:00
... A101: SYNTHETIC | B101: SYNTHETIC | C101: SYNTHETIC-S100 | D101: SYNTHETIC | E101: SYNTHETIC | F101: SYNTHETIC | G101: SYNTHETIC | H101: They removed this in version 4.0 and it was the feature that set this app apart from competitors 😩 | I101: They removed this in version 4.0 and it was the feature that set this app apart from competitors 😩 | O101: S100 | P101: claude-opus-4-6 | Q101: few_shot_guidelines_dataset | R101: 2026-08-02T13:48:09.480285+00:00

Sheet metadata
A2: Guidelines reading time (minutes) | B2: -
A3: Annotation time (minutes) | B3: -
A5: Guidelines comments
A11: DO NOT EDIT | B11: A | C11: B | D11: A+B
A12: Joy | B12: =COUNTIF(reviews!$J$2:$J$101,A12) | C12: =COUNTIF(reviews!$K$2:$K$101,A12) | D12: =B12+C12
A13: Sadness | B13: =COUNTIF(reviews!$J$2:$J$101,A13) | C13: =COUNTIF(reviews!$K$2:$K$101,A13) | D13: =B13+C13
A14: Anger | B14: =COUNTIF(reviews!$J$2:$J$101,A14) | C14: =COUNTIF(reviews!$K$2:$K$101,A14) | D14: =B14+C14
A15: Fear | B15: =COUNTIF(reviews!$J$2:$J$101,A15) | C15: =COUNTIF(reviews!$K$2:$K$101,A15) | D15: =B15+C15
A16: Trust | B16: =COUNTIF(reviews!$J$2:$J$101,A16) | C16: =COUNTIF(reviews!$K$2:$K$101,A16) | D16: =B16+C16
A17: Disgust | B17: =COUNTIF(reviews!$J$2:$J$101,A17) | C17: =COUNTIF(reviews!$K$2:$K$101,A17) | D17: =B17+C17
A18: Surprise | B18: =COUNTIF(reviews!$J$2:$J$101,A18) | C18: =COUNTIF(reviews!$K$2:$K$101,A18) | D18: =B18+C18
A19: Anticipation | B19: =COUNTIF(reviews!$J$2:$J$101,A19) | C19: =COUNTIF(reviews!$K$2:$K$101,A19) | D19: =B19+C19
A20: Neutral | B20: =COUNTIF(reviews!$J$2:$J$101,A20) | C20: =COUNTIF(reviews!$K$2:$K$101,A20) | D20: =B20+C20
A21: Reject | B21: =COUNTIF(reviews!$J$2:$J$101,A21) | C21: =COUNTIF(reviews!$K$2:$K$101,A21) | D21: =B21+C21
